<LCMethod name="Infuse_100uL" IsSpecial="False" AllowPostOverlap="False" AllowPreOverlap="False" Column="0">
  <LCEvent name="Set Flow Rate" StartTime="3/17/2017 8:18:47 AM" HoldTime="00:00:00" Duration="00:00:01" HasDiscreetStates="False" OptimizeWith="False">
    <Device name="Cap_Pump" type="Agilent.Devices.Pumps.classPumpAgilent" />
    <MethodInfo name="SetFlowRate" />
    <Parameters>
      <Parameter name="newFlowRate" Indeterminant="False" type="System.Double" value="10" IsSampleSpecific="False" />
    </Parameters>
  </LCEvent>
  <LCEvent name="Set Percent B" StartTime="3/17/2017 8:18:48 AM" HoldTime="00:00:00" Duration="00:00:01" HasDiscreetStates="False" OptimizeWith="False">
    <Device name="Cap_Pump" type="Agilent.Devices.Pumps.classPumpAgilent" />
    <MethodInfo name="SetPercentB" />
    <Parameters>
      <Parameter name="percent" Indeterminant="False" type="System.Double" value="66" IsSampleSpecific="False" />
    </Parameters>
  </LCEvent>
  <LCEvent name="Set Position" StartTime="3/17/2017 8:18:49 AM" HoldTime="00:00:00" Duration="00:00:01" HasDiscreetStates="True" OptimizeWith="False">
    <Device name="valve" type="LcmsNet.Devices.Valves.classValveVICISixPortInjection" />
    <MethodInfo name="SetPosition" />
    <Parameters>
      <Parameter name="newPosition" Indeterminant="False" type="FluidicsSDK.Base.TwoPositionState" value="PositionB" IsSampleSpecific="False" />
    </Parameters>
  </LCEvent>
  <LCEvent name="Start Method" StartTime="3/17/2017 8:18:50 AM" HoldTime="00:00:00" Duration="00:05:00" HasDiscreetStates="False" OptimizeWith="False">
    <Device name="pal" type="LcmsNet.Devices.Pal.classPal" />
    <MethodInfo name="LoadMethod" />
    <Parameters>
      <Parameter name="timeout" Indeterminant="False" type="System.Double" value="300" IsSampleSpecific="False" />
      <Parameter name="sample" Indeterminant="False" type="LcmsNetDataClasses.classSampleData" value="" IsSampleSpecific="True" />
      <Parameter name="methodName" Indeterminant="False" type="System.String" value="100uLSingle_Injection_Valve" IsSampleSpecific="False" />
    </Parameters>
  </LCEvent>
  <LCEvent name="Set Position" StartTime="3/17/2017 8:23:50 AM" HoldTime="00:00:00" Duration="00:00:01" HasDiscreetStates="True" OptimizeWith="False">
    <Device name="valve" type="LcmsNet.Devices.Valves.classValveVICISixPortInjection" />
    <MethodInfo name="SetPosition" />
    <Parameters>
      <Parameter name="newPosition" Indeterminant="False" type="FluidicsSDK.Base.TwoPositionState" value="PositionA" IsSampleSpecific="False" />
    </Parameters>
  </LCEvent>
  <LCEvent name="Continue Method" StartTime="3/17/2017 8:23:51 AM" HoldTime="00:00:00" Duration="00:02:00" HasDiscreetStates="False" OptimizeWith="False">
    <Device name="pal" type="LcmsNet.Devices.Pal.classPal" />
    <MethodInfo name="ContinueMethod" />
    <Parameters>
      <Parameter name="timeout" Indeterminant="False" type="System.Double" value="120" IsSampleSpecific="False" />
    </Parameters>
  </LCEvent>
  <LCEvent name="Trigger Port" StartTime="3/17/2017 8:25:51 AM" HoldTime="00:00:00" Duration="00:05:00" HasDiscreetStates="False" OptimizeWith="False">
    <Device name="Contact Closure" type="LcmsNet.Devices.ContactClosure.classContactClosureU12" />
    <MethodInfo name="Trigger" />
    <Parameters>
      <Parameter name="timeout" Indeterminant="False" type="System.Double" value="300" IsSampleSpecific="False" />
      <Parameter name="port" Indeterminant="False" type="LcmsNet.Devices.ContactClosure.enumLabjackU12OutputPorts" value="D0" IsSampleSpecific="False" />
      <Parameter name="pulseLengthSeconds" Indeterminant="False" type="System.Double" value="5" IsSampleSpecific="False" />
    </Parameters>
  </LCEvent>
  <LCEvent name="Create Trigger Files" StartTime="3/17/2017 8:30:51 AM" HoldTime="00:00:00" Duration="00:00:05" HasDiscreetStates="False" OptimizeWith="False">
    <Device name="Application" type="LcmsNet.Devices.classApplicationDevice" />
    <MethodInfo name="CreateTriggerFiles" />
    <Parameters>
      <Parameter name="sampleData" Indeterminant="False" type="LcmsNetDataClasses.classSampleData" value="" IsSampleSpecific="True" />
    </Parameters>
  </LCEvent>
</LCMethod>