<LCMethod name="Col1_100min" IsSpecial="False" AllowPostOverlap="True" AllowPreOverlap="True" Column="0">
  <LCEvent name="Set Position" StartTime="6/16/2016 8:25:05 AM" HoldTime="00:00:00" Duration="00:00:01" HasDiscreetStates="True" OptimizeWith="False">
    <Device name="Vinj" type="LcmsNet.Devices.Valves.classValveVICISixPortInjection" />
    <MethodInfo name="SetPosition" />
    <Parameters>
      <Parameter name="newPosition" Indeterminant="False" type="FluidicsSDK.Base.TwoPositionState" value="PositionB" IsSampleSpecific="False" />
    </Parameters>
  </LCEvent>
  <LCEvent name="Set Position" StartTime="6/16/2016 8:25:06 AM" HoldTime="00:00:00" Duration="00:00:01" HasDiscreetStates="True" OptimizeWith="False">
    <Device name="Vls" type="LcmsNet.Devices.Valves.classValveVICI2pos4port" />
    <MethodInfo name="SetPosition" />
    <Parameters>
      <Parameter name="newPosition" Indeterminant="False" type="FluidicsSDK.Base.TwoPositionState" value="PositionA" IsSampleSpecific="False" />
    </Parameters>
  </LCEvent>
  <LCEvent name="Set Position" StartTime="6/16/2016 8:25:07 AM" HoldTime="00:00:00" Duration="00:00:01" HasDiscreetStates="True" OptimizeWith="False">
    <Device name="Vcs1" type="LcmsNet.Devices.Valves.classValveVICI2Pos6Port" />
    <MethodInfo name="SetPosition" />
    <Parameters>
      <Parameter name="newPosition" Indeterminant="False" type="FluidicsSDK.Base.TwoPositionState" value="PositionA" IsSampleSpecific="False" />
    </Parameters>
  </LCEvent>
  <LCEvent name="Start Method" StartTime="6/16/2016 8:25:08 AM" HoldTime="00:00:00" Duration="00:05:00" HasDiscreetStates="False" OptimizeWith="False">
    <Device name="pal" type="LcmsNet.Devices.Pal.classPal" />
    <MethodInfo name="LoadMethod" />
    <Parameters>
      <Parameter name="timeout" Indeterminant="False" type="System.Double" value="300" IsSampleSpecific="False" />
      <Parameter name="sample" Indeterminant="False" type="LcmsNetDataClasses.classSampleData" value="" IsSampleSpecific="True" />
      <Parameter name="methodName" Indeterminant="False" type="System.String" value="Single_Injection_Valve" IsSampleSpecific="False" />
    </Parameters>
  </LCEvent>
  <LCEvent name="Set Position" StartTime="6/16/2016 8:30:08 AM" HoldTime="00:00:00" Duration="00:00:01" HasDiscreetStates="True" OptimizeWith="False">
    <Device name="Vinj" type="LcmsNet.Devices.Valves.classValveVICISixPortInjection" />
    <MethodInfo name="SetPosition" />
    <Parameters>
      <Parameter name="newPosition" Indeterminant="False" type="FluidicsSDK.Base.TwoPositionState" value="PositionA" IsSampleSpecific="False" />
    </Parameters>
  </LCEvent>
  <LCEvent name="Continue Method" StartTime="6/16/2016 8:30:09 AM" HoldTime="00:00:00" Duration="00:20:00" HasDiscreetStates="False" OptimizeWith="False">
    <Device name="pal" type="LcmsNet.Devices.Pal.classPal" />
    <MethodInfo name="ContinueMethod" />
    <Parameters>
      <Parameter name="timeout" Indeterminant="False" type="System.Double" value="1200" IsSampleSpecific="False" />
    </Parameters>
  </LCEvent>
  <LCEvent name="Set Position" StartTime="6/16/2016 8:50:09 AM" HoldTime="00:00:00" Duration="00:00:01" HasDiscreetStates="True" OptimizeWith="False">
    <Device name="Vps" type="LcmsNet.Devices.Valves.classValveVICI2pos4port" />
    <MethodInfo name="SetPosition" />
    <Parameters>
      <Parameter name="newPosition" Indeterminant="False" type="FluidicsSDK.Base.TwoPositionState" value="PositionA" IsSampleSpecific="False" />
    </Parameters>
  </LCEvent>
  <LCEvent name="Set Position" StartTime="6/16/2016 8:50:10 AM" HoldTime="00:00:00" Duration="00:00:01" HasDiscreetStates="True" OptimizeWith="False">
    <Device name="Vcs1" type="LcmsNet.Devices.Valves.classValveVICI2Pos6Port" />
    <MethodInfo name="SetPosition" />
    <Parameters>
      <Parameter name="newPosition" Indeterminant="False" type="FluidicsSDK.Base.TwoPositionState" value="PositionB" IsSampleSpecific="False" />
    </Parameters>
  </LCEvent>
  <LCEvent name="Start Method" StartTime="6/16/2016 8:50:11 AM" HoldTime="00:00:00" Duration="00:20:00" HasDiscreetStates="False" OptimizeWith="False">
    <Device name="Nano_2" type="Agilent.Devices.Pumps.classPumpAgilent" />
    <MethodInfo name="StartMethod" />
    <Parameters>
      <Parameter name="timeout" Indeterminant="False" type="System.Double" value="1200" IsSampleSpecific="False" />
      <Parameter name="method" Indeterminant="False" type="System.String" value="100min" IsSampleSpecific="False" />
    </Parameters>
  </LCEvent>
  <LCEvent name="Trigger Port" StartTime="6/16/2016 9:10:11 AM" HoldTime="00:00:00" Duration="00:00:05" HasDiscreetStates="False" OptimizeWith="False">
    <Device name="Contact Closure" type="LcmsNet.Devices.ContactClosure.classContactClosureU12" />
    <MethodInfo name="Trigger" />
    <Parameters>
      <Parameter name="timeout" Indeterminant="False" type="System.Double" value="5" IsSampleSpecific="False" />
      <Parameter name="port" Indeterminant="False" type="LcmsNet.Devices.ContactClosure.enumLabjackU12OutputPorts" value="D0" IsSampleSpecific="False" />
      <Parameter name="pulseLengthSeconds" Indeterminant="False" type="System.Double" value="5" IsSampleSpecific="False" />
    </Parameters>
  </LCEvent>
  <LCEvent name="Set Position" StartTime="6/16/2016 9:10:16 AM" HoldTime="00:00:00" Duration="00:00:04" HasDiscreetStates="True" OptimizeWith="False">
    <Device name="VSE" type="LcmsNet.Devices.Valves.classValveVICIMultipos9Port" />
    <MethodInfo name="SetPosition" />
    <Parameters>
      <Parameter name="position" Indeterminant="False" type="FluidicsSDK.Base.EightPositionState" value="P1" IsSampleSpecific="False" />
    </Parameters>
  </LCEvent>
  <LCEvent name="Start Method" StartTime="6/16/2016 9:10:20 AM" HoldTime="00:00:00" Duration="01:40:00" HasDiscreetStates="False" OptimizeWith="False">
    <Device name="Nano_2" type="Agilent.Devices.Pumps.classPumpAgilent" />
    <MethodInfo name="StartMethod" />
    <Parameters>
      <Parameter name="timeout" Indeterminant="False" type="System.Double" value="6000" IsSampleSpecific="False" />
      <Parameter name="method" Indeterminant="False" type="System.String" value="100min" IsSampleSpecific="False" />
    </Parameters>
  </LCEvent>
  <LCEvent name="Stop Method" StartTime="6/16/2016 10:50:20 AM" HoldTime="00:00:00" Duration="00:00:01" HasDiscreetStates="False" OptimizeWith="False">
    <Device name="Nano_2" type="Agilent.Devices.Pumps.classPumpAgilent" />
    <MethodInfo name="StopMethod" />
    <Parameters />
  </LCEvent>
  <LCEvent name="Start Method" StartTime="6/16/2016 10:50:21 AM" HoldTime="00:00:00" Duration="00:33:20" HasDiscreetStates="False" OptimizeWith="False">
    <Device name="Nano_1" type="Agilent.Devices.Pumps.classPumpAgilent" />
    <MethodInfo name="StartMethod" />
    <Parameters>
      <Parameter name="timeout" Indeterminant="False" type="System.Double" value="2000" IsSampleSpecific="False" />
      <Parameter name="method" Indeterminant="False" type="System.String" value="Wash" IsSampleSpecific="False" />
    </Parameters>
  </LCEvent>
  <LCEvent name="Stop Method" StartTime="6/16/2016 11:23:41 AM" HoldTime="00:00:00" Duration="00:00:01" HasDiscreetStates="False" OptimizeWith="False">
    <Device name="Nano_1" type="Agilent.Devices.Pumps.classPumpAgilent" />
    <MethodInfo name="StopMethod" />
    <Parameters />
  </LCEvent>
  <LCEvent name="Create Trigger Files" StartTime="6/16/2016 11:23:42 AM" HoldTime="00:00:00" Duration="00:00:05" HasDiscreetStates="False" OptimizeWith="False">
    <Device name="Application" type="LcmsNet.Devices.classApplicationDevice" />
    <MethodInfo name="CreateTriggerFiles" />
    <Parameters>
      <Parameter name="sampleData" Indeterminant="False" type="LcmsNetDataClasses.classSampleData" value="" IsSampleSpecific="True" />
    </Parameters>
  </LCEvent>
</LCMethod>