<LCMethod name="Col_01" IsSpecial="False" AllowPostOverlap="False" AllowPreOverlap="False" Column="0">
  <LCEvent name="Set Position" StartTime="11/29/2015 12:17:57 PM" HoldTime="00:00:00" Duration="00:00:01" HasDiscreetStates="True" OptimizeWith="False">
    <Device name="Vinj" type="LcmsNet.Devices.Valves.classValveVICISixPortInjection" />
    <MethodInfo name="SetPosition" />
    <Parameters>
      <Parameter name="newPosition" Indeterminant="False" type="FluidicsSDK.Base.TwoPositionState" value="PositionB" IsSampleSpecific="False" />
    </Parameters>
  </LCEvent>
  <LCEvent name="Set Position" StartTime="11/29/2015 12:17:58 PM" HoldTime="00:00:00" Duration="00:00:01" HasDiscreetStates="True" OptimizeWith="False">
    <Device name="Vspe" type="LcmsNet.Devices.Valves.classValveVICI2Pos6Port" />
    <MethodInfo name="SetPosition" />
    <Parameters>
      <Parameter name="newPosition" Indeterminant="False" type="FluidicsSDK.Base.TwoPositionState" value="PositionA" IsSampleSpecific="False" />
    </Parameters>
  </LCEvent>
  <LCEvent name="Start Method" StartTime="11/29/2015 12:17:59 PM" HoldTime="00:00:00" Duration="00:04:30" HasDiscreetStates="False" OptimizeWith="False">
    <Device name="pal" type="LcmsNet.Devices.Pal.classPal" />
    <MethodInfo name="LoadMethod" />
    <Parameters>
      <Parameter name="timeout" Indeterminant="False" type="System.Double" value="270" IsSampleSpecific="False" />
      <Parameter name="sample" Indeterminant="False" type="LcmsNetDataClasses.classSampleData" value="" IsSampleSpecific="True" />
      <Parameter name="methodName" Indeterminant="False" type="System.String" value="Single_Injection_Valve" IsSampleSpecific="False" />
    </Parameters>
  </LCEvent>
  <LCEvent name="Set Position" StartTime="11/29/2015 12:22:29 PM" HoldTime="00:00:00" Duration="00:00:01" HasDiscreetStates="True" OptimizeWith="False">
    <Device name="Vinj" type="LcmsNet.Devices.Valves.classValveVICISixPortInjection" />
    <MethodInfo name="SetPosition" />
    <Parameters>
      <Parameter name="newPosition" Indeterminant="False" type="FluidicsSDK.Base.TwoPositionState" value="PositionA" IsSampleSpecific="False" />
    </Parameters>
  </LCEvent>
  <LCEvent name="Continue Method" StartTime="11/29/2015 12:22:30 PM" HoldTime="00:00:00" Duration="00:15:00" HasDiscreetStates="False" OptimizeWith="False">
    <Device name="pal" type="LcmsNet.Devices.Pal.classPal" />
    <MethodInfo name="ContinueMethod" />
    <Parameters>
      <Parameter name="timeout" Indeterminant="False" type="System.Double" value="900" IsSampleSpecific="False" />
    </Parameters>
  </LCEvent>
  <LCEvent name="Set Position" StartTime="11/29/2015 12:37:30 PM" HoldTime="00:00:00" Duration="00:00:01" HasDiscreetStates="True" OptimizeWith="False">
    <Device name="Vspe" type="LcmsNet.Devices.Valves.classValveVICI2Pos6Port" />
    <MethodInfo name="SetPosition" />
    <Parameters>
      <Parameter name="newPosition" Indeterminant="False" type="FluidicsSDK.Base.TwoPositionState" value="PositionB" IsSampleSpecific="False" />
    </Parameters>
  </LCEvent>
  <LCEvent name="Start Method" StartTime="11/29/2015 12:37:31 PM" HoldTime="00:00:00" Duration="00:15:00" HasDiscreetStates="False" OptimizeWith="False">
    <Device name="Nano_1" type="Agilent.Devices.Pumps.classPumpAgilent" />
    <MethodInfo name="StartMethod" />
    <Parameters>
      <Parameter name="timeout" Indeterminant="False" type="System.Double" value="900" IsSampleSpecific="False" />
      <Parameter name="method" Indeterminant="False" type="System.String" value="Soil" IsSampleSpecific="False" />
    </Parameters>
  </LCEvent>
  <LCEvent name="Trigger Port" StartTime="11/29/2015 12:52:31 PM" HoldTime="00:00:00" Duration="00:00:10" HasDiscreetStates="False" OptimizeWith="False">
    <Device name="Contact Closure" type="LcmsNet.Devices.ContactClosure.classContactClosureU12" />
    <MethodInfo name="Trigger" />
    <Parameters>
      <Parameter name="timeout" Indeterminant="False" type="System.Double" value="10" IsSampleSpecific="False" />
      <Parameter name="port" Indeterminant="False" type="LcmsNet.Devices.ContactClosure.enumLabjackU12OutputPorts" value="D0" IsSampleSpecific="False" />
      <Parameter name="pulseLengthSeconds" Indeterminant="False" type="System.Double" value="5" IsSampleSpecific="False" />
    </Parameters>
  </LCEvent>
  <LCEvent name="Start Method" StartTime="11/29/2015 12:52:41 PM" HoldTime="00:00:00" Duration="00:37:00" HasDiscreetStates="False" OptimizeWith="False">
    <Device name="Nano_1" type="Agilent.Devices.Pumps.classPumpAgilent" />
    <MethodInfo name="StartMethod" />
    <Parameters>
      <Parameter name="timeout" Indeterminant="False" type="System.Double" value="2220" IsSampleSpecific="False" />
      <Parameter name="method" Indeterminant="False" type="System.String" value="Soil" IsSampleSpecific="False" />
    </Parameters>
  </LCEvent>
  <LCEvent name="Stop Method" StartTime="11/29/2015 1:29:41 PM" HoldTime="00:00:00" Duration="00:00:01" HasDiscreetStates="False" OptimizeWith="False">
    <Device name="Nano_1" type="Agilent.Devices.Pumps.classPumpAgilent" />
    <MethodInfo name="StopMethod" />
    <Parameters />
  </LCEvent>
  <LCEvent name="Create Trigger Files" StartTime="11/29/2015 1:29:42 PM" HoldTime="00:00:00" Duration="00:00:05" HasDiscreetStates="False" OptimizeWith="False">
    <Device name="Application" type="LcmsNet.Devices.classApplicationDevice" />
    <MethodInfo name="CreateTriggerFiles" />
    <Parameters>
      <Parameter name="sampleData" Indeterminant="False" type="LcmsNetDataClasses.classSampleData" value="" IsSampleSpecific="True" />
    </Parameters>
  </LCEvent>
</LCMethod>